<?xml version="1.0" encoding="UTF-8"?>
<beans xmlns="http://www.springframework.org/schema/beans"
       xmlns:xsi="http://www.w3.org/2001/XMLSchema-instance"
       xmlns:util="http://www.springframework.org/schema/util"
       xsi:schemaLocation="
        http://www.springframework.org/schema/beans https://www.springframework.org/schema/beans/spring-beans.xsd
        http://www.springframework.org/schema/util https://www.springframework.org/schema/util/spring-util.xsd">

    <!-- 通过导入复用 dependency-lookup-context.xml -->
    <import resource="dependency-lookup-context.xml"/>

    <bean id="userRepository" class="org.geekbang.thinking.in.spring.ioc.overview.repository.UserRepository"
          autowire="byType"> <!-- Auto-Wiring -->
        <!-- 手动配置 -->
        <!--        <property name="users">-->
        <!--            <util:list>-->
        <!--                <ref bean="superUser" />-->
        <!--                <ref bean="user" />-->
        <!--            </util:list>-->
        <!--        </property>-->

    </bean>
</beans>